ID,List_name,UserID
1,List1,1
2,List2,1
3,List3,2
4,List4,2
5,List5,3
6,List6,3
7,List7,4
8,List8,4
9,List9,5
10,List10,5
11,List11,6
12,List12,6
13,List13,7
14,List14,7
15,List15,8
16,List16,8
17,List17,9
18,List18,9
19,List19,10
20,List20,10
21,List21,11
22,List22,11
23,List23,12
24,List24,12
25,List25,13
26,List26,13
27,List27,14
28,List28,14
29,List29,15
30,List30,15
31,List31,16
32,List32,16
33,List33,17
34,List34,17
35,List35,18
36,List36,18
37,List37,19
38,List38,19
39,List39,20
40,List40,20
41,List41,21
42,List42,21
43,List43,22
44,List44,22
45,List45,23
46,List46,23
47,List47,24
48,List48,24
49,List49,25
50,List50,25
51,List51,26
52,List52,26
53,List53,27
54,List54,27
55,List55,28
56,List56,28
57,List57,29
58,List58,29
59,List59,30
60,List60,30
61,List61,31
62,List62,31
63,List63,32
64,List64,32
65,List65,33
66,List66,33
67,List67,34
68,List68,34
69,List69,35
70,List70,35
71,List71,36
72,List72,36
73,List73,37
74,List74,37
75,List75,38
76,List76,38
77,List77,39
78,List78,39
79,List79,40
80,List80,40
81,List81,41
82,List82,41
83,List83,42
84,List84,42
85,List85,43
86,List86,43
87,List87,44
88,List88,44
89,List89,45
90,List90,45
91,List91,46
92,List92,46
93,List93,47
94,List94,47
95,List95,48
96,List96,48
97,List97,49
98,List98,49
99,List99,50
100,List100,50
101,List101,51
102,List102,51
103,List103,52
104,List104,52
105,List105,53
106,List106,53
107,List107,54
108,List108,54
109,List109,55
110,List110,55
111,List111,56
112,List112,56
113,List113,57
114,List114,57
115,List115,58
116,List116,58
117,List117,59
118,List118,59
119,List119,60
120,List120,60
121,List121,61
122,List122,61
123,List123,62
124,List124,62
125,List125,63
126,List126,63
127,List127,64
128,List128,64
129,List129,65
130,List130,65
131,List131,66
132,List132,66
133,List133,67
134,List134,67
135,List135,68
136,List136,68
137,List137,69
138,List138,69
139,List139,70
140,List140,70
141,List141,71
142,List142,71
143,List143,72
144,List144,72
145,List145,73
146,List146,73
147,List147,74
148,List148,74
149,List149,75
150,List150,75
151,List151,76
152,List152,76
153,List153,77
154,List154,77
155,List155,78
156,List156,78
157,List157,79
158,List158,79
159,List159,80
160,List160,80
161,List161,81
162,List162,81
163,List163,82
164,List164,82
165,List165,83
166,List166,83
167,List167,84
168,List168,84
169,List169,85
170,List170,85
171,List171,86
172,List172,86
173,List173,87
174,List174,87
175,List175,88
176,List176,88
177,List177,89
178,List178,89
179,List179,90
180,List180,90
181,List181,91
182,List182,91
183,List183,92
184,List184,92
185,List185,93
186,List186,93
187,List187,94
188,List188,94
189,List189,95
190,List190,95
191,List191,96
192,List192,96
193,List193,97
194,List194,97
195,List195,98
196,List196,98
197,List197,99
198,List198,99
199,List199,100
200,List200,100
